"V1","iso2","country","iso3","who","X15","X18","X20","X22","X25","Never","cluster.id","a","b"
1,"AF","Afghanistan","AFG","EMR",0.113,0.423,0.622,0.764,0.863,0.037,NA,2.94090815926064,2.58042309642263
2,"AL","Albania","ALB","EUR",0.012,0.128,0.366,0.602,0.811,0.059,1,7.13543906738419,1.35440063113887
3,"AM","Armenia","ARM","EUR",0.003,0.141,0.376,0.56,0.736,0.128,1,5.10847004876439,1.99834486154256
4,"AO","Angola","AGO","AFR",0.217,0.671,0.835,0.889,0.916,0.003,2,2.93492152192918,1.8424600830714
5,"AZ","Azerbaijan","AZE","EUR",0.004,0.107,0.311,0.497,0.71,0.109,1,5.66788311273052,1.90386206143033
6,"BD","Bangladesh","BGD","SEAR",0.369,0.726,0.858,0.907,0.938,0.017,3,1.81430486759833,2.61425651010024
7,"BF","Burkina Faso","BFA","AFR",0.095,0.56,0.788,0.891,0.941,0.004,4,4.67305896029523,1.30536919546821
8,"BI","Burundi","BDI","AFR",0.034,0.277,0.541,0.724,0.844,0.054,4,4.72061858898119,1.77916560633266
9,"BJ","Benin","BEN","AFR",0.13,0.448,0.649,0.769,0.825,0.004,5,2.49060845273617,3.02024341651669
10,"BO","Bolivia","BOL","AMR",0.084,0.42,0.64,0.77,0.874,0.029,6,3.38934023991408,2.20732892005207
11,"BR","Brazil","BRA","AMR",0.076,0.333,0.54,0.685,0.815,0.051,NA,3.13413297507511,2.74613876467067
12,"CD","Congo Democratic Republic","COD","AFR",0.238,0.647,0.807,0.887,0.932,0.005,7,2.58608605773415,2.13906430238917
13,"CF","Central African Republic","CAF","AFR",0.297,0.783,0.912,0.962,0.979,0.004,2,3.54121507492979,1.26453836400043
14,"CG","Congo","COG","AFR",0.256,0.769,0.912,0.949,0.965,0.002,7,3.96778529680618,1.17065456620413
15,"CI","Cote d'Ivoire","CIV","AFR",0.193,0.625,0.8,0.865,0.895,0.003,7,2.75543578475482,2.1087463660769
16,"CM","Cameroon","CMR","AFR",0.208,0.625,0.807,0.869,0.899,0.005,7,2.66872519062777,2.15403624571751
17,"CO","Colombia","COL","AMR",0.143,0.539,0.775,0.874,0.943,0.014,6,3.71079668731697,1.66537234426933
18,"DO","Dominican Republic","DOM","AMR",0.168,0.477,0.692,0.799,0.887,0.021,6,2.58526616247193,2.68821723268498
19,"ER","Eritrea","ERI","AFR",0.199,0.506,0.649,0.75,0.829,0.041,2,1.77157197958343,4.19802641387068
20,"ET","Ethiopia","ETH","AFR",0.24,0.623,0.759,0.841,0.902,0.039,4,2.07340418733078,2.87262999448305
21,"GA","Gabon","GAB","AFR",0.18,0.661,0.842,0.89,0.909,0.006,NA,3.44685624207274,1.5920471691906
22,"GH","Ghana","GHA","AFR",0.107,0.438,0.677,0.812,0.897,0.008,5,3.54832141880884,1.99939234302034
23,"GM","Gambia","GMB","AFR",0.174,0.446,0.613,0.723,0.824,0.038,7,1.96972658997523,4.01681978385054
24,"GN","Guinea","GIN","AFR",0.3,0.679,0.818,0.889,0.934,0.006,2,2.08241585026616,2.52127886434996
25,"GT","Guatemala","GTM","AMR",0.111,0.434,0.633,0.758,0.858,0.064,6,2.84980190732016,2.65185811411819
26,"GY","Guyana","GUY","AMR",0.076,0.424,0.688,0.801,0.875,0.016,6,3.80253624612354,1.89063293598838
27,"HN","Honduras","HND","AMR",0.121,0.452,0.659,0.777,0.879,0.045,6,2.93022590274442,2.4819588818313
28,"HT","Haiti","HTI","AMR",0.124,0.537,0.755,0.864,0.929,0.023,NA,3.72159762663586,1.69584478441555
29,"ID","Indonesia","IDN","SEAR",0.084,0.285,0.449,0.599,0.751,0.046,3,2.75635286346404,3.56330470377294
30,"IN","India","IND","SEAR",0.099,0.375,0.579,0.718,0.83,0.032,3,2.88404269538841,2.83516480590243
31,"KE","Kenya","KEN","AFR",0.151,0.503,0.704,0.82,0.897,0.009,4,2.84568304668201,2.36948744513922
32,"KG","Kyrgyz Republic","KGZ","EUR",0.005,0.141,0.438,0.668,0.842,0.027,8,7.520805510645,1.20803289079164
33,"KH","Cambodia","KHM","WPR",0.04,0.244,0.438,0.608,0.763,0.078,8,3.66729804392658,2.63656189363165
34,"KM","Comoros","COM","AFR",0.094,0.299,0.426,0.541,0.644,0.073,4,1.84479468469624,6.21824590344552
35,"KZ","Kazakhstan","KAZ","EUR",0.004,0.108,0.386,0.64,0.833,0.032,1,8.35937792056903,1.1222831418304
36,"LR","Liberia","LBR","AFR",0.242,0.779,0.911,0.948,0.957,0,7,4.26789617855022,1.08870090130195
37,"LS","Lesotho","LSO","AFR",0.065,0.424,0.696,0.859,0.938,0.007,4,5.28289775782701,1.30881291829467
38,"MD","Moldova","MDA",NA,0.008,0.154,0.494,0.765,0.916,0.012,8,10.8655895369297,0.771887391969028
39,"MG","Madagascar","MDG","AFR",0.144,0.594,0.803,0.897,0.942,0.006,7,3.90799226384945,1.49936792698101
40,"ML","Mali","MLI","AFR",0.206,0.588,0.712,0.784,0.83,0.003,2,1.76287489555094,3.81565850177029
41,"MM","Myanmar","MMR","SEAR",0.02,0.17,0.336,0.474,0.612,0.189,3,3.11836836826651,3.83346059929275
42,"MR","Mauritania","MRT","AFR",0.326,0.555,0.67,0.752,0.835,0.088,7,1.07224541907572,6.73028480084442
43,"MV","Maldives","MDV","SEAR",0.045,0.205,0.428,0.635,0.838,0.024,8,5.4756444901506,1.68490275971202
44,"MW","Malawi","MWI","AFR",0.191,0.639,0.854,0.925,0.953,0.004,4,3.79005850507318,1.43077179681103
45,"MZ","Mozambique","MOZ","AFR",0.227,0.653,0.831,0.917,0.955,0.001,2,3.09155113625471,1.73872736909596
46,NA,"Namibia","NAM","AFR",0.05,0.348,0.59,0.743,0.837,0.012,5,3.7665770818853,2.13641918540282
47,"NE","Niger","NER","AFR",0.287,0.732,0.83,0.887,0.916,0.008,2,2.23752507025794,2.26655717561366
48,"NG","Nigeria","NGA","AFR",0.237,0.535,0.683,0.788,0.864,0.013,7,1.74838089546257,3.93142666979034
49,"NI","Nicaragua","NIC","AMR",0.164,0.517,0.694,0.794,0.877,0.038,6,2.42512941309668,2.83025450628206
50,"NP","Nepal","NPL","SEAR",0.114,0.512,0.709,0.832,0.92,0.029,3,3.45035806947621,1.92772417350818
51,"PE","Peru","PER","AMR",0.085,0.409,0.632,0.764,0.878,0.037,6,3.43467133277099,2.19837645438806
52,"PH","Philippines","PHL","WPR",0.022,0.176,0.391,0.564,0.734,0.086,8,4.34945726560678,2.34295926925358
53,"PK","Pakistan","PAK","EMR",0.062,0.269,0.444,0.588,0.758,0.096,8,3.10111225907554,3.16417555465335
54,"PY","Paraguay","PRY","AMR",0.05,0.338,0.556,0.69,0.824,0.036,6,3.41522840377696,2.47802353792639
55,"RW","Rwanda","RWA","AFR",0.024,0.187,0.387,0.6,0.802,0.055,4,5.42538673419214,1.77793811169105
56,"SL","Sierra Leone","SLE","AFR",0.216,0.684,0.813,0.852,0.873,0.001,7,2.41254938807515,2.31603711297933
57,"SN","Senegal","SEN","AFR",0.106,0.358,0.524,0.653,0.777,0.071,5,2.36294964257242,3.82122266391753
58,"ST","Sao Tome and Principe","STP","AFR",0.117,0.533,0.785,0.875,0.917,0.008,5,4.05759026479211,1.53415739934191
59,"SZ","Eswatini","SWZ","AFR",0.105,0.501,0.715,0.81,0.86,0.011,4,3.08824861532179,2.21922291547165
60,"TD","Chad","TCD","AFR",0.284,0.67,0.776,0.838,0.87,0.007,2,1.64760888632504,3.48617675868704
61,"TG","Togo","TGO","AFR",0.112,0.471,0.714,0.843,0.902,0.005,5,3.67514992484188,1.84005327937883
62,"TJ","Tajikistan","TJK","EUR",0.003,0.109,0.478,0.721,0.871,0.04,8,10.0289379478206,0.868095363577382
63,"TL","Timor-Leste","TLS","SEAR",0.08,0.261,0.439,0.604,0.746,0.09,3,2.98433399783226,3.30330648037711
64,"TM","Turkmenistan","TKM","EUR",0.003,0.075,0.293,0.55,0.804,0.056,NA,9.0998229673559,1.10670246921156
65,"TZ","Tanzania","TZA",NA,0.136,0.611,0.825,0.913,0.961,0.006,2,4.43147199294283,1.28917744686475
66,"UA","Ukraine","UKR","EUR",0.003,0.211,0.567,0.801,0.913,0.016,1,9.53261795068939,0.838194451794221
67,"UG","Uganda","UGA","AFR",0.2,0.644,0.834,0.911,0.946,0.008,2,3.38882406978444,1.61399955614957
68,"UZ","Uzbekistan","UZB","EUR",0.009,0.158,0.483,0.739,0.882,0.023,1,9.03252047378668,0.948265598826709
69,"VN","Vietnam","VNM","WPR",0.007,0.136,0.356,0.585,0.791,0.072,8,6.53389381386203,1.50682118663242
70,"ZA","South Africa","ZAF","AFR",0.07,0.484,0.757,0.877,0.93,0.012,5,5.13974803826578,1.26565069243962
71,"ZM","Zambia","ZMB","AFR",0.133,0.583,0.752,0.83,0.872,0.006,5,2.89492837761708,2.18928478532674
72,"ZW","Zimbabwe","ZWE","AFR",0.057,0.401,0.66,0.819,0.929,0.016,4,4.90633135859668,1.46959193206176
